NPS;Iran;;;;
NPS_ADJ;Persian;;;;
NPS_absolute_monarchy;Afsharid Empire;;;;
NPS_absolute_monarchy_ADJ;Persian;;;;
NPS_prussian_constitutionalism;Afsharid Empire;;;;
NPS_prussian_constitutionalism_ADJ;Persian Empire;;;;
NPS_bourgeois_dictatorship;Iranian Free State;;;;
NPS_communist;Tudeh Party of Iran;;;;
NPS_conservative;Shahist Faction;;;;
NPS_reactionary;Ulama Faction;;;;
NPS_anarcho_liberal;Bazaari Faction;;;;
NPS_socialist;Hizb-e Socialyist;;;;
NPS_fascist;SUMKA;;;;
NPS_liberal;Constitutionalist Party;;;;
NPS_liberal_2;National Front;;;;
TRC;Tracia;x;;;
TRC_ADJ;Tracic;x;;;
MAC;Macedonia;x;;;
MAC_monarchy;Théma Makedonías;x;;;
MAC_ADJ;Macedonian;x;;;
BHA;Bohemia-Austria;x;;;
BHA_monarchy;Bohemia-Austria;x;;;
BHA_republic;Danube Republic;x;;;
BHA_communist;Danube Commune;x;;;
BHA_fascist;Bohemian-Austrian Dictatorship;x;;;
BHA_ADJ;Bohemia-Austrian;x;;;
OTO;Ottokaria;x;;;
OTO_monarchy;Ottokaria;x;;;
OTO_republic;Republic of Ottokar;x;;;
OTO_communist;People's Republic of Ottokar;x;;;
OTO_fascist;Falangist Ottokaria;x;;;
OTO_ADJ;Ottokarian;x;;;
PLC;Jagiellonia;;;;
PLC_ADJ;Jagiellonian;;;;
PLC_monarchy;Jagellonian Empire;;;;
PLC_proletarian_dictatorship;Greater Polish Republic;;;;
PLC_fascist_dictatorship;Greater Poland;;;;
PLC_presidential_dictatorship;Jagellonia;;;;
PLC_democracy;Jagellonia;;;;
RMR_democracy;Res Publica Romana;;;;
RMR_absolute_monarchy;Imperivm Romanvm;;;;
RMR_prussian_constitutionalism;Imperivm Romanvm;;;;
RMR_hms_government;Imperivm Romanvm;;;;
RMR_bourgeois_dictatorship;Dictatura Romana;;;;
RMR_bourgeois_dictatorship_ADJ;Roman;;;;
RMR_proletarian_dictatorship;Populares Dictatura Romana;;;;
RMR_proletarian_dictatorship_ADJ;Roman;;;;
RMR;Rome;;;;
RMR_ADJ;Roman;;;;
RMR_communist;Partito Comunista de Roma;;;;
RMR_fascist;Partito Nazionale Fascista;;;;
LBR;Lower Burgundy;;;;
LBR_ADJ;Lower Burgundian;;;;
LBR_democracy;Republic of Low Burgundy;;;;
LBR_monarchy;Kingdom of Lower Burgundy;;;;
SLO;Wendia;;;;
SLO_ADJ;Wendian;;;;
SLO_monarchy;Kingdom of Wendia;;;;
SLO_republic;Republic of Wendia;;;;
SLO_communist;Wendian Democratic People's Republic;;;;
SLO_fascist;Wendian State;;;;
POM;Pomerania;;;;
POM_ADJ;Pomeranian;;;;
POM_monarchy;Duchy of Pomerania;;;;
POM_republic;Republic of Pomerania;;;;
POM_communist;Pomeranian Commune;;;;
POM_fascist;Pomeranian State;;;;
ALB;Epirus;;;;
ALB_ADJ;Epirote;;;;
SIC;Sicily;;;;
SIC_ADJ;Sicilian;;;;
SIC_democracy;The Sicilian Republic;;;;
SIC_monarchy;The Kingdom of Sicily;;;;
SIC_absolute_monarchy;The Kingdom of Sicily;;;;
SIC_prussian_constitutionalism;The Kingdom of Sicily;;;;
SIC_hms_government;Sicily;;;;
SWI;Helvetia;;;;
SWI_ADJ;Helvetii;;;;
ILY;Illyricum;;;;
ILY_ADJ;Illyrian;;;;
KIE;Kiev;;;;
KIE_ADJ;Kievan;;;;
KIR;Kievan Rus;;;;
KIR_ADJ;Rus;;;;
HET;Cossack Hetmanate;;;;
HET_ADJ;Hetman;;;;
CEE;Cree Confederation;;;;
CEE_ADJ;Cree;;;;
CEE_democracy;Cree Republic;;;;
CEE_monarchy;Cree;;;;
CEE_hms_government;Cree Confederation;;;;
LUB;Hansa;;;;
LUB_ADJ;Hanseatic;;;;
LUB_democracy;The United Hanseatic States;;;;
LUB_monarchy;The Hanseatic Empire;;;;
LUB_hms_government;The United Hanseatic States;;;;
LUB_merchant_republic;The Hanseatic League;;;;
LUB_bourgeois_dictatorship;The Hanseatic League;;;;
LUB_presidential_dictatorship;The Hanseatic Directorate;;;;
LUB_proletarian_dictatorship;The Hanseatic People's Guild;;;;
WES_fascist_dictatorship;Chudistan;;;;
CHC;Charca;x;;;
CHC_ADJ;Aimara;x;;;
CUS;Cusco;x;;;
CUS_ADJ;Cusco;x;;;
CJM;Cajamarca;x;;;
CJM_ADJ;Cajamarcan;x;;;
SMI;Sami;x;;;
SMI_ADJ;Sapmi;x;;;
ELI;Elisio;x;;;
ELI_ADJ;Elysian;x;;;
SIG;Sigmanistan;x;;;
SIG_ADJ;Sigmani;x;;;
SEX;Wessex;x;;;
SEX_ADJ;Wessexer;x;;;
MEW;Rajputana;x;;;
MEW_ADJ;Rajput;x;;;
BNS;Bengalistan;x;;;
BNS_ADJ;Bengalistani;x;;;
ALO;Alodia;x;;;
ALO_ADJ;Alodian;x;;;
GAU;Gaul;x;;;
GAU_ADJ;Gallic;;;;
GBY;Grossbayern;x;;;
GBY_absolute_monarchy;Wittelsbach Empire;x;;;
GBY_prussian_constitutionalism;Wittelsbach Empire;x;;;
GBY_ADJ;Bavarian;x;;;
NEW_ADJ;Vinlandic;x;;;
NEW;Vinland;x;;;
NAM;Pelsovia;x;;;
NAM_absolute_monarchy;Empire of Pelsovia;x;;;
NAM_hms_government;Pelsovia;x;;;
NAM_prussian_constitutionalism;Empire of Pelsovia;x;;;
NAM_ADJ;Pelsovian;x;;;
CYP_absolute_monarchy;Crusader State of Cyprus;x;;;
CYP_hms_government;Crusader State of Cyprus;x;;;
CYP_prussian_constitutionalism;Crusader State of Cyprus;x;;;
GAE;Gaellia;x;;;
GAE_ADJ;Gaellic;x;;;
CLP;Caliphate;x;;;
CLP_ADJ;Islamic;x;;;
CLP_fascist_dictatorship;Islamic State;x;;;
CLP_democracy;Islamic Republic;x;;;
CLP_bourgeois_dictatorship;Islamic Republic;x;;;
CLP_presidential_dictatorship;Islamic Republic;x;;;
CLP_proletarian_dictatorship;Islamic People's Republic;x;;;
JER_reactionary;Reactionary Factio;x;;;
JER_conservative;Factio Conservativa;x;;;
JER_anarcho_liberal;Anarcho-Liberalis Factio;x;;;
JER_socialist;Socialisticae Factio;x;;;
JER_liberal;Factio Liberalis;x;;;
JER_communist;Factio Communistica;x;;;
JER_fascist;Fascist Factio;x;;;
MAO;Mao Dynasty;x;;;
MAO_ADJ;Mao;x;;;
MAO_absolute_monarchy_ADJ;Mao;x;;;
MAO_hms_government_ADJ;Mao;x;;;
MAO_prussian_constitutionalism_ADJ;Mao;x;;;
MAO_fascist_dictatorship_ADJ;Mao;x;;;
MAO_democracy_ADJ;Mao;x;;;
MAO_bourgeois_dictatorship_ADJ;Mao;x;;;
MAO_presidential_dictatorship_ADJ;Mao;x;;;
MAO_proletarian_dictatorship_ADJ;Mao;x;;;
MAO_absolute_monarchy;Mao Dynasty;x;;;
MAO_hms_government;Mao Dynasty;x;;;
MAO_prussian_constitutionalism;Mao Dynasty;x;;;
MAO_fascist_dictatorship;People's Republic of China;x;;;
MAO_democracy;Republic of China;x;;;
MAO_bourgeois_dictatorship;Chinese Republic;x;;;
MAO_presidential_dictatorship;Kingdom of China;x;;;
MAO_proletarian_dictatorship;People's Republic of China;x;;;
QNG;Shun Dynasty;x;;;
QNG_ADJ;Shun;x;;;
QNG_absolute_monarchy_ADJ;Shun;x;;;
QNG_hms_government_ADJ;Shun;x;;;
QNG_prussian_constitutionalism_ADJ;Shun;x;;;
QNG_fascist_dictatorship_ADJ;Shun;x;;;
QNG_democracy_ADJ;Chinese;x;;;
QNG_bourgeois_dictatorship_ADJ;Chinese;x;;;
QNG_presidential_dictatorship_ADJ;Chinese;x;;;
QNG_proletarian_dictatorship_ADJ;Chinese;x;;;
QNG_absolute_monarchy;Shun Dynasty;x;;;
QNG_hms_government;Shun Dynasty;x;;;
QNG_prussian_constitutionalism;Shun Dynasty;x;;;
QNG_fascist_dictatorship;Legionnairy China;x;;;
QNG_democracy;Republic of China;x;;;
QNG_bourgeois_dictatorship;Chinese Republic;x;;;
QNG_presidential_dictatorship;Kingdom of China;x;;;
QNG_proletarian_dictatorship;People's Republic of China;x;;;
GNG;Ming Dynasty;x;;;
GNG_ADJ;Ming;x;;;
GNG_absolute_monarchy_ADJ;Ming;x;;;
GNG_hms_government_ADJ;Ming;x;;;
GNG_prussian_constitutionalism_ADJ;Ming;x;;;
GNG_fascist_dictatorship_ADJ;Ming;x;;;
GNG_democracy_ADJ;Ming;x;;;
GNG_bourgeois_dictatorship_ADJ;Ming;x;;;
GNG_presidential_dictatorship_ADJ;Ming;x;;;
GNG_proletarian_dictatorship_ADJ;Ming;x;;;
GNG_absolute_monarchy;Ming Dynasty;x;;;
GNG_hms_government;Ming Dynasty;x;;;
GNG_prussian_constitutionalism;Ming Dynasty;x;;;
GNG_fascist_dictatorship;People's Republic of China;x;;;
GNG_democracy;Republic of China;x;;;
GNG_bourgeois_dictatorship;Chinese Republic;x;;;
GNG_presidential_dictatorship;Kingdom of China;x;;;
GNG_proletarian_dictatorship;People's Republic of China;x;;;
FJN;Jiang Dynasty;x;;;
FJN_ADJ;Jiang;x;;;
FJN_absolute_monarchy_ADJ;Jiang;x;;;
FJN_hms_government_ADJ;Jiang;x;;;
FJN_prussian_constitutionalism_ADJ;Jiang;x;;;
FJN_fascist_dictatorship_ADJ;Jiang;x;;;
FJN_democracy_ADJ;Jiang;x;;;
FJN_bourgeois_dictatorship_ADJ;Chinese;x;;;
FJN_presidential_dictatorship_ADJ;Chinese;x;;;
FJN_proletarian_dictatorship_ADJ;Chinese;x;;;
FJN_absolute_monarchy;Jiang Dynasty;x;;;
FJN_hms_government;Jiang Dynasty;x;;;
FJN_prussian_constitutionalism;Jiang Dynasty;x;;;
FJN_fascist_dictatorship;Social Republic of China;x;;;
FJN_democracy;Trade Republic of Jiang;x;;;
FJN_bourgeois_dictatorship;Chinese Republic;x;;;
FJN_presidential_dictatorship;Kingdom of China;x;;;
FJN_proletarian_dictatorship;People's Republic of China;x;;;
XBI;Ma Caliphate;x;;;
XBI_ADJ;Ma;x;;;
XBI_absolute_monarchy_ADJ;Ma;x;;;
XBI_hms_government_ADJ;Ma;x;;;
XBI_prussian_constitutionalism_ADJ;Ma;x;;;
XBI_fascist_dictatorship_ADJ;Ma;x;;;
XBI_democracy_ADJ;Ma;x;;;
XBI_bourgeois_dictatorship_ADJ;Ma;x;;;
XBI_presidential_dictatorship_ADJ;Ma;x;;;
XBI_proletarian_dictatorship_ADJ;Ma;x;;;
XBI_absolute_monarchy;Ma Caliphate;x;;;
XBI_hms_government;Ma Caliphate;x;;;
XBI_prussian_constitutionalism;Ma Caliphate;x;;;
XBI_fascist_dictatorship;ISIS;x;;;
XBI_democracy;Republic of Ma;x;;;
XBI_bourgeois_dictatorship;Xibei San Ma;x;;;
XBI_presidential_dictatorship;Xibei San Ma;x;;;
XBI_proletarian_dictatorship;Northwestern People's Republic of Democratic Qinghai;x;;;
YNN;Xi Dynasty;x;;;
YNN_ADJ;Xi;x;;;
YNN_absolute_monarchy_ADJ;Xi;x;;;
YNN_hms_government_ADJ;Xi;x;;;
YNN_prussian_constitutionalism_ADJ;Xi;x;;;
YNN_fascist_dictatorship_ADJ;Yunnanese;x;;;
YNN_democracy_ADJ;Yunnanese;x;;;
YNN_bourgeois_dictatorship_ADJ;Yunnanese;x;;;
YNN_presidential_dictatorship_ADJ;Yunnanese;x;;;
YNN_proletarian_dictatorship_ADJ;Yunnanese;x;;;
YNN_absolute_monarchy;Xi Dynasty;x;;;
YNN_hms_government;Xi Dynasty;x;;;
YNN_prussian_constitutionalism;Xi Dynasty;x;;;
YNN_fascist_dictatorship;Yunnan;x;;;
YNN_democracy;Republic of Yunnan;x;;;
YNN_bourgeois_dictatorship;Yunnan;x;;;
YNN_presidential_dictatorship;Yunnan;x;;;
YNN_proletarian_dictatorship;Yunnan;x;;;
INC_conservative_1;Council of the Realm ;;;;
INC_conservative_2;Hurin Suyukuna Party;;;;
INC_fascist;Intip Churin;;;;
INC_liberal_1;Constitutionalists;;;;
INC_liberal_2;Hanan Suyukuna Party;;;;
INC_social_liberal;Ayni Party;;;;
INC_socialist_1;Andine Social Party;;;;
INC_socialist_2;Catholic Party;;;;
AAA_reactionary_1;Absolute Power;x;;;
afro_german;Afro-Germanic;x;;;
afro_brazilian;Afro-Vespuccian;x;;;
NGV_conservative;Partito Conservatore;x;;;
NGV_liberal;Liberali;x;;;
NGV_anarcho_liberal;Anarco-liberali;x;;;
NGV_conservative_2;Tradizionalisti;x;;;
NGV_liberal_2;Progressisti;x;;;
NGV_liberal_3;Unionisti;x;;;
NGV_conservative_3;Imperialisti;x;;;
NGV_liberal_4;Partito d'Affari;x;;;
NGV_reactionary;Monarchici;x;;;
NGV_socialist;Socialisti;x;;;
NGV_communist;Comunisti;x;;;
NGV_fascist;Fascisti;x;;;
ARG_liberal;Liobralaithe;x;;;
ARG_conservative;Pairti Coimeadach;x;;;
ARG_liberal_2;Fhronta Aontaithe;x;;;
ARG_liberal_3;Forasach;x;;;
ARG_liberal_4;Poblachtanaigh;x;;;
ARG_liberal_5;Saoirse;x;;;
ARG_liberal_6;Aontachtoiri;x;;;
ARG_reactionary;Pairti Imoibrioch;x;;;
ARG_anarcho_liberal;Liobralaithe Anarcho;x;;;
ARG_socialist;Soisialaithe;x;;;
ARG_communist;Cumannaigh;x;;;
ARG_fascist;Faisisteach;x;;;
NGV;Nouvagenova;x;;;
NGV_ADJ;Nouvagenovan;x;;;
NGV_absolute_monarchy_ADJ;Nouvagenovan;x;;;
NGV_hms_government_ADJ;Nouvagenovan;x;;;
NGV_prussian_constitutionalism_ADJ;Nouvagenovan;x;;;
NGV_fascist_dictatorship_ADJ;Nouvagenovan;x;;;
NGV_democracy_ADJ;Nouvagenovan;x;;;
NGV_bourgeois_dictatorship_ADJ;Nouvagenovan;x;;;
NGV_presidential_dictatorship_ADJ;Nouvagenovan;x;;;
NGV_proletarian_dictatorship_ADJ;Nouvagenovan;x;;;
NGV_absolute_monarchy;Nouvagenova;x;;;
NGV_hms_government;Nouvagenova;x;;;
NGV_prussian_constitutionalism;Nouvagenova;x;;;
NGV_fascist_dictatorship;Nouvagenova;x;;;
NGV_democracy;Nouvagenova;x;;;
NGV_bourgeois_dictatorship;Nouvagenova;x;;;
NGV_presidential_dictatorship;Nouvagenova;x;;;
NGV_proletarian_dictatorship;Nouvagenova;x;;;
ARG;Gailenua;x;;;
ARG_ADJ;Gailenuan;x;;;
ARG_absolute_monarchy_ADJ;Gailenuan;x;;;
ARG_hms_government_ADJ;Gailenuan;x;;;
ARG_prussian_constitutionalism_ADJ;Gailenuan;x;;;
ARG_fascist_dictatorship_ADJ;Gailenuan;x;;;
ARG_democracy_ADJ;Gailenuan;x;;;
ARG_bourgeois_dictatorship_ADJ;Gailenuan;x;;;
ARG_presidential_dictatorship_ADJ;Gailenuan;x;;;
ARG_proletarian_dictatorship_ADJ;Gailenuan;x;;;
ARG_absolute_monarchy;Gailenua;x;;;
ARG_hms_government;Gailenua;x;;;
ARG_prussian_constitutionalism;Gailenua;x;;;
ARG_fascist_dictatorship;Gailenua;x;;;
ARG_democracy;Gailenua;x;;;
ARG_bourgeois_dictatorship;Gailenua;x;;;
ARG_presidential_dictatorship;Gailenua;x;;;
ARG_proletarian_dictatorship;Gailenuan Workers Commune;x;;;
INC;Tawantinsuyu;;;;
INC_ADJ;Inca;;;;
INC_proletarian_dictatorship;The Socialist Republic of the Andes;;;;
INC_proletarian_dictatorship_ADJ;Andine;;;;
INC_presidential_dictatorship;The Incan Regency;;;;
INC_bourgeois_dictatorship;The Andes Republic;;;;
INC_bourgeois_dictatorship_ADJ;Andine;;;;
INC_democracy;The Andes Republic;;;;
MEX_conservative;Partito Conservatore;x;;;
MEX_liberal;Liberali;x;;;
MEX_anarcho_liberal;Anarco-liberali;x;;;
MEX_conservative_2;Tradizionalisti;x;;;
MEX_liberal_2;Progressisti;x;;;
MEX_liberal_3;Unionisti;x;;;
MEX_conservative_3;Imperialisti;x;;;
MEX_liberal_4;Partito d'Affari;x;;;
MEX_reactionary;Partito Reazionario;x;;;
MEX_socialist;Socialisti;x;;;
MEX_communist;Comunisti;x;;;
MEX_fascist;Fascisti;x;;;
QUE_liberal;Liberale partij;x;;;
QUE_liberal_2;Vakbondspartij;x;;;
QUE_conservative;Conservatieven;x;;;
QUE_socialist;Socialisten;x;;;
QUE_liberal_3;Progressieven;x;;;
QUE_reactionary;Koninklijke Regering;x;;;
QUE_anarcho_liberal;Anarcho-Liberalen'x;;;;
QUE_communist;Arbeiderspartij;x;;;
QUE_fascist;Fascisten;x;;;
COL;Salish;x;;;
COL_ADJ;Salish;x;;;
BRN;Brandenburg;x;;;
BRN_ADJ;Brandenburger;x;;;
AND_liberal;Islamic Liberal faction;Liberal Faction;Liberal Faction;;Liberal Faction
AND_conservative;Islamic Conservative Faction;Conservative Faction;;Conservative Faction;
AND_reactionary;Islamic Fundamentalist Faction;Monarchist Faction;Monarchist Faction;;Monarchist Faction
AND_socialist;Socialist Faction;Labour Faction;Labour Faction;;Labour Faction
AND_anarcho_liberals;Anarchist Faction;Anarchist Faction;Anarchist Faction;;Anarchist Faction
AND_communist;Communist Faction;Communist Faction;Communist Faction;;Communist Faction
AND_fascist;Mujahideen Faction;Norman Faction;Norman Faction;;Norman Faction
MCK_ADJ;Jurchen;x;;;
MCK;Jurchen;x;;;
MCK_absolute_monarchy;Jurchen;x;;;
MCK_hms_government;Jurchen;x;;;
MCK_prussian_constitutionalism;Jurchen;x;;;
OIR;Oirat;x;;;
OIR_ADJ;Mongolian;x;;;
MEX;Messico;x;;;
MEX_ADJ;Messican;x;;;
MEX_absolute_monarchy_ADJ;Messican;x;;;
MEX_hms_government_ADJ;Messican;x;;;
MEX_prussian_constitutionalism_ADJ;Messican;x;;;
MEX_fascist_dictatorship_ADJ;Messican;x;;;
MEX_democracy_ADJ;Messican;x;;;
MEX_bourgeois_dictatorship_ADJ;Messican;x;;;
MEX_presidential_dictatorship_ADJ;Messican;x;;;
MEX_proletarian_dictatorship_ADJ;Messican;x;;;
MEX_absolute_monarchy;Impero del Messico;x;;;
MEX_hms_government;Impero del Messico;x;;;
MEX_prussian_constitutionalism;Impero del Messico;x;;;
MEX_fascist_dictatorship;Messico;x;;;
MEX_democracy;Repubblica Messicana;x;;;
MEX_bourgeois_dictatorship;Messico;x;;;
MEX_presidential_dictatorship;Messico;x;;;
MEX_proletarian_dictatorship;Repubblica Popolare del Messico;x;;;
NOV;Novgorod;x;;;
NOV_ADJ;Novgorodian;x;;;
NOV_absolute_monarchy_ADJ;Novgorodian;x;;;
NOV_hms_government_ADJ;Novgorodian;x;;;
NOV_prussian_constitutionalism_ADJ;Novgorodian;x;;;
NOV_fascist_dictatorship_ADJ;Novgorodian;x;;;
NOV_democracy_ADJ;Novgorodian;x;;;
NOV_bourgeois_dictatorship_ADJ;Novgorodian;x;;;
NOV_presidential_dictatorship_ADJ;Novgorodian;x;;;
NOV_proletarian_dictatorship_ADJ;Novgorodian;x;;;
NOV_absolute_monarchy;Kingdom of Novgorod;x;;;
NOV_hms_government;Kingdom of Novgorod;x;;;
NOV_prussian_constitutionalism;Kingdom of Novgorod;x;;;
NOV_fascist_dictatorship;Novgorod;x;;;
NOV_democracy;Novgorod;x;;;
NOV_bourgeois_dictatorship;Novgorod;x;;;
NOV_presidential_dictatorship;Novgorod;x;;;
NOV_proletarian_dictatorship;Novgorodian SSR;x;;;
VLD;Vladimir;x;;;
VLD_ADJ;Vladimirian;x;;;
GOL;Mongolian Commonwealth;x;;;
GOL_ADJ;Mongolian;x;;;
GOL_absolute_monarchy_ADJ;Mongolian;x;;;
GOL_prussian_constitutionalism_ADJ;Mongolian;x;;;
GOL_hms_government_ADJ;Mongolian;x;;;
GOL_absolute_monarchy;Golden Horde;x;;;
GOL_prussian_constitutionalism;Golden Horde;x;;;
GOL_hms_government;Golden Horde;x;;;
SCA;Scandinavia;x;;;
SCA_ADJ;Scandinavian;x;;;
SCA_absolute_monarchy_ADJ;Nordic;x;;;
SCA_prussian_constitutionalism_ADJ;Nordic;x;;;
SCA_hms_government_ADJ;Nordic;x;;;
SCA_absolute_monarchy;The North Sea Empire;x;;;
SCA_prussian_constitutionalism;The North Sea Empire;x;;;
SCA_hms_government;The North Sea Empire;x;;;
SAF;Zuid-Afrika;x;;;
SAF_ADJ;Boer;x;;;
SAF_absolute_monarchy;Zuid-Afrika;x;;;
SAF_hms_government;Zuid-Afrika;x;;;
SAF_prussian_constitutionalism;Zuid-Afrika;x;;;
SAF_fascist_dictatorship;Zuid-Afrika;x;;;
SAF_democracy;Zuid-Afrika;x;;;
SAF_bourgeois_dictatorship;Zuid-Afrika;x;;;
SAF_presidential_dictatorship;Zuid-Afrika;x;;;
SAF_proletarian_dictatorship;Zuid-Afrika;x;;;
SAM;United South America;x;;;
SAM_ADJ;Sudamericano;x;;;
SAM_absolute_monarchy;Empire of Sud America;x;;;
SAM_hms_government;Empire of Sud America;x;;;
SAM_prussian_constitutionalism;Empire of Sud America;x;;;
SAM_fascist_dictatorship;National Sudamericano Union;x;;;
SAM_democracy;United Federation of Sud America;x;;;
SAM_bourgeois_dictatorship;United Sud America;x;;;
SAM_presidential_dictatorship;United Sud America;x;;;
SAM_proletarian_dictatorship;Union of Sud America;x;;;
NAP;Naples;x;;;
NAP_democracy;Parthenopaean Republic;x;;;
NAP_bourgeois_dictatorship;Parthenopaean Republic;x;;;
NAP_proletariat_dictatorship;Parthenopean Commune;x;;;
NAP_fascist_dictatorship;Parthenopean Social Republic;x;;;
NAP_prussian_constitutionalism;Kingdom of Naples;x;;;
NAP_hms_government;Kingdom of Naples;x;;;
NAP_absolute_monarchy;Kingdom of Naples;x;;;
NAP_democracy_ADJ;Parthenopaean;x;;;
NAP_bourgeois_dictatorship_ADJ;Parthenopaean;x;;;
NAP_proletariat_dictatorship_ADJ;Parthenopaean;x;;;
NAP_prussian_constitutionalism_ADJ;Parthenopaean;x;;;
NAP_fascist_dictatorship_ADJ;Parthenopaean;x;;;
NAP_ADJ;Neapolitan;x;;;
MEA;Morea;x;;;
MEA_democracy;Morea;x;;;
MEA_bourgeois_dictatorship;Morea;x;;;
MEA_proletariat_dictatorship;Commune of Sparta;x;;;
MEA_fascist_dictatorship;Sparta;x;;;
MEA_prussian_constitutionalism;Morea;x;;;
MEA_hms_government;Morea;x;;;
MEA_absolute_monarchy;Morea;x;;;
MEA_democracy_ADJ;Morean;x;;;
MEA_bourgeois_dictatorship_ADJ;Morean;x;;;
MEA_proletariat_dictatorship_ADJ;Morean;x;;;
MEA_prussian_constitutionalism_ADJ;Morean;x;;;
MEA_fascist_dictatorship_ADJ;Morean;x;;;
MEA_ADJ;Morean;x;;;
THR;Thrace-Opsikion;x;;;
THR_ADJ;Thracian;x;;;
ATH;Athens;x;;;
ATH_ADJ;Athenian;x;;;
EPI;Epirus;x;;;
EPI_ADJ;Epirote;x;;;
EPI_absolute_monarchy;Kingdom of Epirus;x;;;
EPI_prussian_constitutionalism;Kingdom of Epirus;x;;;
EPI_hms_government;Kingdom of Epirus;x;;;
AST;Tasmania;x;;;
AST_ADJ;Tasmanian;x;;;
ENG;Danelaw;x;;;
ENG_ADJ;Britisk;x;;;
ROM_absolute_monarchy;Kingdom of Romania;x;;;
ROM_hms_government;Kingdom of Romania;x;;;
ROM_prussian_constitutionalism;Kingdom of Romania;x;;;
IBE;Iberia;x;;;
IBE_ADJ;Iberian;x;;;
IBE_absolute_monarchy_ADJ;Hispanic;x;;;
IBE_hms_government_ADJ;Hispanic;x;;;
IBE_prussian_constitutionalism_ADJ;Hispanic;x;;;
IBE_fascist_dictatorship_ADJ;Hispanic;x;;;
IBE_absolute_monarchy;Hispania;x;;;
IBE_hms_government;Hispania;x;;;
IBE_prussian_constitutionalism;Hispania;x;;;
IBE_fascist_dictatorship;Hispania;x;;;
IBE_democracy;Iberian Union;x;;;
IBE_bourgeois_dictatorship;Iberian Union;x;;;
IBE_presidential_dictatorship;Iberian Union;x;;;
IBE_proletarian_dictatorship;Iberian Union;x;;;
BIT;Bourbon Italy;x;;;
BIT_democracy;Italia;x;;;
BIT_ADJ;Italian;x;;;
BIT_absolute_monarchy;Bourbon Italy;x;;;
BIT_hms_government;Bourbon Italy;x;;;
BIT_prussian_constitutionalism;Bourbon Italy;x;;;
UBR;Upper Burgundy;x;;;
UBR_ADJ;Upper Burgundian;x;;;
UBR_democracy;Republic of High Burgundy;x;;;
UBR_absolute_monarchy;Kingdom of Upper Burgundy;x;;;
BYE;White Rus;x;;;
BYE_ADJ;Byelorussian;x;;;
BYE_democracy;White Russian Republic;x;;;
BYE_absolute_monarchy;Grand Duchy of White Russia;x;;;
EAS;East Frisia;x;;;
EAS_ADJ;East Frisian;x;;;
EAS_democracy;Frisian Republic;x;;;
EAS_democracy_ADJ;Frisian;x;;;
EAS_absolute_monarchy;Frisian Duchy;x;;;
EAS_absolute_monarchy_ADJ;Frisian;x;;;
LTN;Latin Empire;x;;;
LTN_ADJ;Latin;x;;;
LTN_democracy;Latin Republic;x;;;
LTN_democracy_ADJ;Latin;x;;;
LTN_communist;Union of Latin Peoples;x;;;
LTN_communist_ADJ;Latin;x;;;
ADL;Al Andalus;x;;;
ADL_ADJ;Andalusian;x;;;
JER;Jerusalem;x;;;
JER_ADJ;Crusader;x;;;
JER_democracy;Republic of Israel;x;;;
JER_democracy_ADJ;Israelite;x;;;
JER_monarchy;Kingdom of Jerusalem;x;;;
JER_monarchy_ADJ;Crusader;x;;;
PNT;Empire of Trebizond;x;;;
PNT_ADJ;Trapzon;x;;;
PNT_republic;Commonwealth of Caucasia;x;;;
PNT_republic_ADJ;Caucasian;x;;;
PNT_communist;Plures Union;x;;;
PNT_communist_ADJ;Trapzon;x;;;
NCE;Smyrna;x;;;
NCE_absolute_monarchy;Duchy of Smyrna;x;;;
NCE_hms_government;Duchy of Smyrna;x;;;
NCE_prussian_constitutionalism;Duchy of Smyrna;x;;;
NCE_ADJ;Nicean;x;;;
GAL;Anatolikon;x;;;
GAL_ADJ;Anatolian;x;;;
ROM;Romania;x;;;
ROM_ADJ;Romanian;x;;;
LOU;Beaucouple;;;;
LOU_ADJ;Beaucouplais;;;;
LOU_absolute_monarchy;Kingdom of Beaucouple;;;;
LOU_hms_government;Kingdom of Beaucouple;;;;
LOU_prussian_constitutionalism;Kingdom of Beaucouple;;;;
IRO;Iroquois Confederation;;;;
IRO_ADJ;Iroquois;;;;
GPN;Mississippi Union;x;;;
GPN_ADJ;Mississippian;x;;;
SVF;Iranzamin;x;;;
SVF_ADJ;Iranian;x;;;
SVF_absolute_monarchy;Iranzamin;x;;;
SVF_prussian_constitutionalism;Iranzamin;x;;;
SVF_hms_government;Iranzamin;x;;;
SVF_absolute_monarchy_ADJ;Iranian;x;;;
SVF_prussian_constitutionalism_ADJ;Iranian;x;;;
SVF_hms_government_ADJ;Iranian;x;;;
PNJ_mongolian_dependency;Khanate of Punjab;x;;;
MCK_mongolian_dependency;Jijig Yuwan;x;;;
CHG;Chernigov;;;;
CHG_ADJ;Cherniv;x;;;
CHG_republic;Republic of Chernigov;x;;;
CHG_communist;Chernigov SSR;x;;;
CHG_fascist;Chernigov;x;;;
CHG_monarchy;Principality of Chernigov;x;;;
TIR;Tyrol;;;;
TIR_ADJ;Tyrolean;;;;
PLT;Palatinate;x;;;
PLT_ADJ;Palatinate;x;;;
EGY;Mamluks;x;;;
EGY_ADJ;Mamlukean;x;;;
EGY_democracy;Egyptian Republic;x;;;
EGY_absolute_monarchy;Mamluk Sultanate;x;;;
EGY_prussian_constitutionalism;Mamluk Sultanate;x;;;
EGY_hms_government;Mamluks;x;;;
EGY_communist;Egyptian Proletariat Commune;x;;;
EGY_fascist_dictatorship;Dawlat al-Atrak;;;;
SYC;Bari;x;;;
SYC_ADJ;Barian;x;;;
SYC_absolute_monarchy;Kingdom of Bari;x;;;
SYC_prussian_constitutionalism;Kingdom of Bari;x;;;
SYC_hms_government;Bari;x;;;
SYC_presidential_dictatorship;Despotate of Bari;x;;;
SYC_communist;Peasant Republic of Bari;x;;;
SYC_fascist_dictatorship;Barian State;x;;;
CIS;Cisalpine Gaul;x;;;
CIS_ADJ;Cisalpine;x;;;
CIS_absolute_monarchy;Kingdom of Cisalpine-Gaul;x;;;
CIS_prussian_constitutionalism;Kingdom of Cisalpine-Gaul;x;;;
CIS_hms_government;Cisalpine Gaul;x;;;
CIS_republic;Cisalpine Republic;x;;;
RNA;New Amsterdam;x
RNA_ADJ;Amsterdamian;x
RNA_absolute_monarchy;Kingdom of New Amsterdam;x
RNA_prussian_constitutionalism;Kingdom of New Amsterdam;x
RNA_hms_government;New Amsterdasm;x
RNA_republic;Republic of New Amsterdam;x
